Ticket ID,Customer Subject,Customer Message,Agent Response,Ticket Type,Support Queue,Priority,Business Type,Tags,Summary,Email
1392,Urgent Assistance Required: AWS Service,"Dear IT Services Support Team, 

I am reaching out regarding a high-priority ticket related to our AWS Management Service. We are experiencing significant challenges in deploying services and optimizing our cloud infrastructure costs. It is crucial for us to gain clarity and efficient solutions on this matter. 

We have been noticing higher-than-expected expenditure, and the deployment process appears to have several hurdles that prevent smooth operation. As this is affecting our operational efficiency and financial planning, your expert assistance is urgently requested. 

Could you please prioritize this ticket and guide us on the best practices to streamline deployment and manage costs effectively on AWS? Your prompt response will greatly aid in mitigating potential losses and optimizing current systems. 

Thank you for your immediate attention and expertise.

Best regards, 

<name>
<acc_num>
<name@example.com>
<tel_num>","Dear <name>,

Thank you for reaching out regarding your AWS Management Service issues. I understand the urgency and the impact on your operational efficiency and financial planning. We will prioritize your ticket and escalate it to our AWS specialists who will contact you shortly. 

In the meantime, please ensure your AWS account details are handy, as it will facilitate a more efficient troubleshooting process. They will assist you in optimizing your cloud infrastructure costs and streamlining your deployment process. 

We are committed to providing a solution quickly to minimize any potential losses. Thank you for your patience and cooperation.

Best regards,
IT Services Support Team",Request,IT Support,high,IT Services,"IT Support, Urgent Issue, Service Notification, Cloud Services, Problem Resolution, Technical Guidance, Performance Tuning",AWS Deployment and Cost Optimization Issues,customer001@example.com
1393,Urgent: Issue with Zoom Screen Sharing Feature,"Dear Customer Support,

I am experiencing a high-priority incident wherein screen sharing fails during critical business webinar sessions using Zoom version 5.11.0. This issue is disrupting our operations and needs immediate attention.

Could you please address this matter as soon as possible or direct me to someone who can assist?

Thank you for your urgent support.

Best regards,

<name>
<acc_num>","Dear <name>,

Thank you for reaching out. We understand the urgency of the screen sharing issue with Zoom version 5.11.0 during your webinars. We recommend updating to the latest Zoom version, as many issues can be resolved with updates. If the problem persists after updating, please contact our technical team directly at <tel_num> for immediate assistance.

Best regards,
Customer Support Team",Incident,Technical Support,high,IT Services,"Technical Support, Urgent Issue, Service Disruption, Problem Resolution, Software Bug",Zoom Screen Sharing Failure During Use,customer002@example.com
1394,Service outage resolution requested for ongoing issues,"Dear IT Services Customer Support,

I am writing to express our concern regarding a recent service outage that severely disrupted our regular operations. This was specifically related to the IT Consulting Service provided by your team. The interruption significantly impacted our workflow, causing delays and potential revenue loss.

To prevent similar issues in the future, we are seeking your expertise in developing and implementing comprehensive IT solutions. Considering the critical nature of our operations, it is imperative that we ensure maximum uptime and reliability from all IT-related services.

We appreciate the prompt support and preventive measures your company can offer. It would be highly beneficial to discuss possible solutions that can enhance our system's resilience and reduce vulnerability to unexpected outages.

Moreover, please let us know if there are maintenance services or upgrades that should be scheduled to optimize performance and reliability in our existing infrastructure. Kindly provide us with a detailed proposal at your earliest convenience.

Thank you for your attention to this critical matter. We look forward to your swift action and partnership to effectively resolve these issues.

Sincerely,

<name>
<tel_num>
<acc_num>","Dear <name>,

Thank you for reaching out to us regarding the recent service outage affecting your IT Consulting Service. We sincerely apologize for any disruption caused to your operations.

We understand the importance of ensuring maximum uptime and reliability. Our team is committed to analyzing this issue thoroughly to prevent future occurrences and will set up a plan for comprehensive IT solutions. We will also evaluate your current infrastructure to propose necessary upgrades or maintenance services to optimize performance and reliability.

To address this promptly, let's schedule a meeting to discuss specific solutions and strategies tailored to your needs. We will prepare a detailed proposal outlining the steps we can take to enhance your system's resilience.

We appreciate your trust in us and are dedicated to working closely with you to swiftly resolve these issues. Please expect our proposal shortly.

Thank you for your patience and understanding.

Best regards,

Customer Support Team  
IT Services",Change,Service Outages and Maintenance,high,IT Services,"Service Outage, IT Support, Problem Resolution, Technical Support, Service Recovery, System Maintenance, Performance Tuning, Urgent Issue",IT Consulting Service Outage and Prevention Request,customer003@example.com
1395,Surface Pro 7 Issue,"Dear Tech Online Store Support Team,

I hope this message finds you well. I am writing to bring to your attention a troubling issue I have been experiencing with my Microsoft Surface Pro 7. Recently, I have noticed that the screen flickers intermittently, which has been quite disruptive to my workflow.

I am unsure whether the root cause of the problem is a hardware malfunction or a software glitch, but it has persisted despite attempts to troubleshoot. Could you kindly assist by investigating what might be causing this flickering issue? Are there any known solutions or fixes I might attempt before sending the device for repair?

Your prompt assistance in resolving this matter would be greatly appreciated. Please let me know if any additional information is needed from my side.

Thank you for your attention to this issue.

Best regards,

<name>","Dear <name>,

Thank you for reaching out to us about the issue with your Microsoft Surface Pro 7. Screen flickering can indeed be frustrating, so let's work towards a solution together.

Firstly, please ensure that your device is running the latest software updates. Sometimes, a simple software patch can resolve such problems. You might also want to try adjusting your display settings to see if that helps.

If these steps do not resolve the issue, you could attempt to boot your device in Safe Mode to determine if a third-party app is causing the glitch. Instructions on how to do this can be found in the Surface Pro support section on Microsoft's website.

Should the problem persist, it might be a hardware issue, and we can explore repair options. Please let us know if the above suggestions do not resolve the flickering so we can provide further assistance.

Feel free to share any additional details, like error messages or any recent changes made before the issue started. This information will help us in diagnosing the problem more effectively.

Thank you for your patience and understanding.

Best regards,
Tech Online Store Support Team",Incident,Product Support,medium,Online Store,"Technical Support, Product Support, Software Bug, Hardware Failure, Problem Resolution, Service Recovery",Surface Pro 7 Screen Flickering Issue,customer004@example.com
1396,Request for software development consultation and server admin advice,"Dear Customer Support,

I hope this message finds you well. My name is <name>, and I am reaching out regarding recurring system instability issues we have been experiencing. We are currently subscribed to your IT Consulting Service, and I believe we require a software development consultation and server administration advice to address these problems effectively. Could you please guide us on how to proceed with scheduling a consultation at your earliest convenience? You can reach me via email or contact me at <tel_num>. Your prompt assistance is greatly appreciated, as these issues are affecting our business operations.

Thank you for your attention to this matter.

Best regards,

<name>","Dear <name>,

Thank you for reaching out regarding the system instability issues you're facing. We understand the urgency and are here to assist you. To schedule a consultation for software development and server administration, please let us know your available times for a meeting, and we will arrange an appointment with our experts as soon as possible.

You can reply to this email or call us directly if you prefer immediate assistance. Rest assured, we are committed to resolving these issues swiftly to support your business operations.

Looking forward to assisting you.

Best regards,
Customer Support Team",Request,Technical Support,medium,IT Services,"IT Support, Technical Guidance, Problem Resolution, Service Notification, Urgent Issue",Software Development and Server Administration Consultation Request,customer005@example.com
1397,Urgent AWS Deployment Issues,"Dear IT Services Customer Support,

I hope this message finds you well. I am reaching out to request urgent technical assistance with our AWS Management Service. We experienced significant server downtime over the weekend, which is impacting our operations. This issue has caused major disruptions for our team, and we need immediate help to resolve it. Please let us know if there are any specific logs or details you require from our end to expedite the troubleshooting process. Could we schedule a call at the earliest convenience to work through this issue? Your prompt response would be greatly appreciated.

Thank you,
<name>","Dear <name>,

Thank you for contacting IT Services Customer Support. We understand the urgency of your AWS deployment issues and are here to assist you promptly. To expedite the resolution, please provide any relevant error logs and details about the downtime experienced. We recommend scheduling a call to address this issue effectively. Could you please propose a convenient time for the call? We assure you of our commitment to resolving this matter swiftly.

Best regards,
Service Desk Team",Request,Technical Support,medium,IT Services,"IT Support, Service Disruption, Urgent Issue, Technical Support, System Maintenance, Incident Report",AWS Server Downtime Disrupting Business Operations,customer006@example.com
1398,Immediate Assistance Required for Network Disruption,"Dear Customer Support,

We are currently experiencing a high-priority incident involving our Cisco Router ISR4331, which is causing significant disruptions to our enterprise network performance. This issue has led to a partial outage affecting several critical operations. We kindly request your immediate attention and expertise to resolve this issue as quickly as possible.

Please provide guidance on the next steps for troubleshooting or confirm the dispatch of a technical team. You may reach me at our direct line: <tel_num> or email at <email_address>.

Thank you for your prompt response.

Best regards,

<name>
<company_name>","Dear <name>,

Thank you for reaching out to us regarding the network disruption involving your Cisco Router ISR4331. We understand the urgency and impact of this issue.

To begin troubleshooting, please ensure that all physical connections are secure and restart the router if possible. Additionally, verify that the firmware is up to date. If the problem persists, we will escalate the issue and arrange for a technical team to assist you.

Please keep us updated via email or the direct telephone number provided. Our team is on standby to provide further support and coordinate the necessary steps for resolution. 

Thank you for your patience and cooperation.

Best regards,

Customer Support Team",Incident,Service Outages and Maintenance,high,IT Services,"Network Issue, Service Disruption, Urgent Issue, Technical Support, Incident Report, Problem Resolution, Service Recovery",Cisco ISR4331 Router Causing Network Disruptions,customer007@example.com
1399,,"Dear Customer Support, 

I hope this message finds you well. I am writing to request a detailed explanation of some unexpected monthly charges for AWS cloud resources as seen on my last bill. The charges seem unaccounted for, and since I utilize the AWS Management Service, it would be helpful for me to understand the breakdown. Would you please help clarify these charges? My account number is <acc_num>. For further correspondence, you can reach me at <nameemail>@domain.com or call me at <tel_num>. Your prompt assistance with this matter is appreciated. 

Thank you. 

Best regards, 
<name>","Dear <name>,

Thank you for reaching out to us. We understand your concern about the unexpected AWS charges. We will review your account details to provide a detailed explanation and breakdown of the charges on your latest bill. Our team is committed to resolving this matter promptly.

For privacy and security, we recommend discussing further details through the email or phone number you have provided. Please expect a follow-up from our side shortly.

Thank you for your patience and understanding.

Best regards, 
Customer Support Team",Request,Billing and Payments,high,IT Services,"Billing Issue, Account Assistance, Payment Processing, Customer Service, General Inquiry",Billing Invoice Discrepancy Requires Detailed Clarification,customer008@example.com
1400,Assistance Needed for Chrome Crashes,"Dear Tech Online Store Customer Support, I am writing to inform you that I am experiencing consistent crashes with Google Chrome 102.0 on my Windows 11 laptop. The browser crashes frequently during use, severely impacting my workflow. Could you please investigate and provide proper assistance? Any help in resolving this issue would be greatly appreciated. If you need any additional information, please let me know. Thank you for your support. Best regards, <name>","Dear <name>,

Thank you for contacting Tech Online Store Customer Support. We're sorry to hear about the issues you're experiencing with Google Chrome. To resolve this, please try the following steps:

1. Update Chrome to the latest version.
2. Clear your browser's cache and cookies.
3. Disable any unnecessary extensions.
4. Ensure your Windows 11 is up to date.

If the issue persists, please let us know any error messages that appear or further details.

Best regards,
Tech Online Store Customer Support",Problem,Technical Support,low,Online Store,"Technical Support, Software Bug, Problem Resolution, Customer Service",Google Chrome Crashes on Windows 11,customer009@example.com
1401,,"Dear Customer Care,

I am encountering challenges with activating my Windows 11 Pro software. Even after diligently following the provided guidelines, I am unable to finalize the activation process. My account number is <acc_num>. Would you kindly help me resolve this matter at your earliest convenience? You can contact me at <tel_num>.

Thank you for your attention to this issue.

Sincerely,
<name>","Dear <name>,

We appreciate you getting in touch. We sincerely regret the trouble you’re having with the activation of Windows 11 Pro. Please verify that your device is connected to the internet and attempt to use the activation troubleshooter (Settings > Update & Security > Activation > Troubleshoot). Should the problem continue, feel free to call us at <our_tel_num> for additional support.

Best regards,
Customer Care",Problem,Technical Support,medium,IT Services,"Technical Support, Product Support, Software Bug, Problem Resolution, Account Assistance",Windows 11 Technical Support Request Needs Resolution,customer010@example.com
1402,Google Chrome Extension Issue,"Dear Customer Support, I am experiencing a compatibility issue with Google Chrome version 102.0, affecting its performance and security settings. This issue began after installing an extension from your store. Could you assist in resolving this problem? Your prompt help will be greatly appreciated.\n\nThank you,\n<name>\n<tel_num>\n<email_address>","Dear <name>,

Thank you for reaching out. We suggest starting by disabling the extension to see if the issue persists. If the problem stops after disabling, please try uninstalling and reinstalling the extension, ensuring it is the latest version. If issues continue, check for updates to your Google Chrome browser as well. 

Should the problem remain unresolved, please provide the extension's name for further assistance. 

Feel free to reach out if you have any more questions.

Best regards,
Customer Support Team",Request,Product Support,medium,Online Store,"Technical Support, Software Bug, Problem Resolution, Technical Guidance, Customer Service",Potential Security Threat Requires Immediate Investigation,customer011@example.com
1403,Billing Issue with AWS Management Service,"Dear Customer Support,

I hope this message finds you well. I am writing to bring to your attention an issue I have faced regarding incorrect billing charges. After utilizing the AWS Management Service for cloud infrastructure and service optimization, my account, <acc_num>, has been billed erroneously. The charges do not accurately reflect the usage reported and seem significantly higher than anticipated. 

Kindly review my billing details and correct any discrepancies at your earliest convenience. Please let me know if you need any additional information to facilitate a rapid resolution. You can contact me at <email> or <tel_num> for further discussion.

Thank you for your assistance in this matter.

Best regards,

<name>","Dear <name>,

Thank you for bringing this to our attention. We understand the concern regarding the discrepancy in billing charges for your AWS Management Service. Rest assured, we'll conduct a thorough review of the billing details associated with your account <acc_num>.

Please allow us some time to investigate and rectify any issues. If further information is required, we will contact you using the details provided.

We appreciate your patience and will strive for a swift resolution.

Best regards,
Customer Support Team",Problem,Billing and Payments,medium,IT Services,"Billing Issue, Customer Service, Account Assistance, Problem Resolution",AWS Management Service Billing Question Requires Detailed Clarification,customer012@example.com
1404,Inquiry About Dell XPS 13 Battery Optimization,"Dear Customer Support, 

I hope this message finds you well. My name is <name> and I recently purchased a Dell XPS 13 9310 from your store. I am reaching out to gather information on optimizing the battery performance for my device, which is running on the Windows 10 system. As you can imagine, ensuring maximum efficiency and longevity of the battery is crucial for my use case. I've noticed that the battery life may not be performing up to the expected standards despite balancing the screen brightness and power settings.

Could you please provide detailed guidance or steps that I can take to improve the battery life? Additionally, information on any software optimizations, firmware updates, or settings adjustments that are recommended by both Dell and Microsoft would be greatly appreciated. If there are any specific tools or diagnostics available from your support team, please let me know how I can access these as well.

Thank you for your assistance on this matter. Looking forward to your expert advice.

Best regards,
<name>
Contact: <tel_num>
Account Number: <acc_num>","Dear <name>,

Thank you for reaching out regarding your Dell XPS 13 9310 battery optimization. Here are some tips to help improve battery performance on your Windows 10 device:

1. **Power Mode Settings**: Ensure your device is set to 'Better Battery' in the Power & sleep settings. Access this via Settings > System > Power & sleep > Additional power settings.

2. **Battery Saver**: Enable Battery Saver Mode to limit background activity when not plugged in. Find it at Settings > System > Battery.

3. **Update BIOS and Drivers**: Keep your BIOS and all drivers updated through the Dell SupportAssist tool or by visiting the Dell support website, entering your service tag, and checking for updates.

4. **Performance Options**: Adjust the system settings for best battery life under System Properties > Advanced > Performance Settings.

5. **Background Apps**: Minimize background application usage by disabling apps that you do not need running under Settings > Privacy > Background apps.

6. **Screen Brightness and Sleep Settings**: Besides adjusting brightness, make sure your display is set to turn off and your PC to sleep after short periods of inactivity.

7. **Dell Power Manager**: Use the Dell Power Manager to optimize battery settings. This tool offers options to enhance battery longevity depending on your use case, like Adaptive, Standard, and ExpressCharge modes.

8. **Microsoft Recommendations**: Follow Microsoft's best practices for battery life available on their support site.

9. **Diagnostics**: Run a full diagnostic test using the built-in Dell SupportAssist. This tool can identify battery performance issues and suggest actionable solutions.

All the tools mentioned here, like Dell Power Manager and SupportAssist, can be accessed via the Dell website if they are not pre-installed. 

If further assistance is needed, feel free to reach out. We're here to help.

Best regards,
Customer Support Team",Request,Product Support,low,Online Store,"Technical Support, Product Support, Performance Tuning, Technical Guidance, General Inquiry, Software Bug",Slow System Performance Affecting Daily Operations,customer013@example.com
1405,Assistance Required: Wireless Setup Issue,"Dear Tech Online Store Customer Support, I'm requesting assistance with setting up the wireless connection for my Compact All-in-One color printer, the HP DeskJet 3755. I am unable to proceed with the current instructions provided. Could you guide me through the necessary steps? Thank you for your help. Sincerely, <name>.","Subject: Re: Assistance Required: Wireless Setup Issue

Dear <name>,

Thank you for reaching out. To connect your HP DeskJet 3755 wirelessly, please follow these steps:

1. Ensure the printer is powered on and paper is loaded.
2. On the printer's control panel, press the Wireless button to activate the wireless signal.
3. Hold it until the light starts blinking approximately 3 seconds.
4. Install HP Smart App on your device and follow the app's instructions to add the printer using Wi-Fi Direct or through your network.
5. Complete the setup with the app prompts.

If you encounter further issues, feel free to reach out.

Best regards,
Tech Online Store Customer Support",Request,Product Support,low,Online Store,"Technical Support, Product Support, General Inquiry, Problem Resolution, Technical Guidance",Printer Issue Requires Technical Support,customer014@example.com
1406,Challenge with Instance Launch,Concern with service implementation.,"Hello, could you provide further details about the issue for enhanced assistance? Thank you!",Problem,Customer Service,medium,IT Services,"Technical Support, Service Disruption, Problem Resolution, Product Support",Concern with Service Implementation. Requires Customer Support,customer015@example.com
1407,Assistance Required: AWS Storage Costs and Performance,"Dear IT Services Customer Support,

I hope this message finds you well. I am reaching out to request assistance regarding the optimization of AWS storage costs and the enhancement of performance for our cloud infrastructure. As a customer using your AWS Management Service, we have been experiencing challenges in managing our storage costs effectively while ensuring optimal performance across our systems.

During our recent financial review, it became evident that a significant portion of our budget is being allocated toward storage solutions, which has raised concerns about cost-efficiency. We believe that there may be opportunities to optimize our AWS configurations to better manage these expenses, but we need expert guidance to identify and implement these improvements.

Moreover, we have noticed some performance bottlenecks that are impacting the operational efficiency of our cloud infrastructure. Our goal is to enhance the performance without incurring additional costs and to ensure seamless operations and accessibility of our data.

We kindly request a consultation with your experienced team to explore potential strategies and solutions that could assist us in lowering our storage expenditures and boosting infrastructure performance. Please let us know your availability for an initial discussion, and we can provide further details about our current setup.

Thank you for your attention to this matter. We are looking forward to your prompt response and guidance. Your support is invaluable to us in achieving our objectives.

Best regards,

<name>

<name>
Company: <Company_Name>
Account Number: <acc_num>
Contact number: <tel_num>","Dear <name>,

Thank you for reaching out to us regarding your AWS storage cost optimization and performance improvement needs. We understand the importance of managing expenses and ensuring efficient cloud operations for your company.

We would be happy to arrange a consultation with our expert team to explore strategies tailored to your AWS environment. During this session, we can review your current configurations and suggest enhancements to optimize costs and boost performance effectively.

Please provide us with your availability for an initial discussion, and we will coordinate accordingly. We are committed to offering the support you need to achieve your objectives seamlessly.

We look forward to assisting you soon.

Best regards,

IT Services Customer Support",Request,Technical Support,medium,IT Services,"Technical Support, IT Support, Performance Tuning, Cost Optimization, Cloud Solutions, Consultation Request, Product Support, General Inquiry",Slow System Performance Affecting Daily Operations,customer016@example.com
1408,Urgent Database Outage,"Dear Customer Support Team, we are experiencing a severe database outage affecting MySQL 8.0.30. Critical client data has become inaccessible. We urgently require your support to resolve this issue. Please prioritize our request. Contact <name> at <tel_num> for additional details. Thank you for your immediate attention.","Dear <name>,

Thank you for reaching out. We understand the urgency of the database outage affecting MySQL 8.0.30 and are prioritizing your request. Our technical team is already working to identify and resolve the issue. We will update you as soon as we have more information. Meanwhile, please keep the contact line with <tel_num> open for further communication if needed. We appreciate your patience and are committed to restoring access to critical client data promptly.

Best regards,
Customer Support Team",Incident,Technical Support,high,IT Services,"Urgent Issue, Service Outage, Technical Support, Problem Resolution, Database Issue, IT Support",Service Outage Requires Resolution Needs Customer Support,customer017@example.com
1409,Urgent: Issues with AWS Management Service,"Dear Customer Support, I am writing to report a high priority issue with the AWS Management Service. We are experiencing significant challenges with our cloud deployment processes and cost management. This issue is affecting our business operations and requires immediate attention. Please advise on the necessary steps to resolve these problems effectively. I can be reached at <tel_num> for further discussion. I look forward to your swift response. Thank you. Sincerely, <name>","Dear <name>, thank you for reaching out. We understand the urgency of your issue with the AWS Management Service. Please ensure your account settings are correctly configured and review AWS CloudFormation for deployment automation. For cost management, utilize AWS Budgets and Cost Explorer. We recommend contacting our AWS support at <tel_num>. Let us know if these steps help. We are here to assist you further. Best regards, Service Desk.",Incident,Technical Support,high,IT Services,"Technical Support, Urgent Issue, Cloud Services, Problem Resolution, Cost Management, Account Assistance, Service Notification",AWS Deployment and Cost Optimization Issues,customer018@example.com
1410,Urgent Consultation Request for Critical IT Issues,"Dear IT Services Support Team, I hope this message finds you well. My name is <name> and I am currently experiencing critical issues with our server administration, which are significantly impacting our operations. We rely heavily on your IT Consulting Service for our ongoing technical needs. Therefore, we urgently need your expert assistance to resolve these issues as quickly as possible. Time is of the essence because our operations have come to a standstill. Please contact us at your earliest convenience, either via email or phone at <tel_num>. The swift resolution of this situation is imperative to minimize any further disruption to our business. Thank you for your prompt attention to this matter. Kind regards, <name>","Dear <name>,

Thank you for reaching out to us regarding the critical issues with your server administration. We understand the urgency of the situation and its impact on your operations. Our team is ready to provide the necessary support to resolve these issues swiftly.

Please rest assured that we will prioritize your case and aim to restore your operations as soon as possible. A member of our team will contact you shortly via email or phone at <tel_num> to gather more details and take immediate action.

We appreciate your patience and cooperation during this process.

Best regards,
IT Services Support Team",Request,Customer Service,high,IT Services,"Technical Support, IT Support, Urgent Issue, System Crash, Service Disruption, Problem Resolution, Service Recovery, Performance Tuning",Server Expert Technical Consultation Requested,customer019@example.com
1411,Request to Update Billing Information for Compliance,"Dear Customer Support,

I am writing to request an update to our billing information for the IT Consulting Service. Due to our new corporate payment policies, it's crucial that our records remain compliant. Currently, our account <acc_num> might require modifications to align with recent policy changes. Please let us know the necessary steps or documents required to proceed. Feel free to contact me at <tel_num> if further clarification is needed. Your prompt assistance with this update will be greatly appreciated.

Thank you,

<name>","Dear <name>,

Thank you for reaching out. To update your billing information for account <acc_num>, please provide our billing department with the updated payment details and any relevant documents reflecting the recent policy changes. You can submit this through email or via our secure billing portal. If you need specific forms or additional guidance, feel free to contact our support team. We aim to ensure compliance smoothly. Don't hesitate to contact us at <tel_num> for further clarification.

Best regards,
Customer Support Team",Change,Billing and Payments,medium,IT Services,"Billing Issue, Customer Service, Payment Processing, Account Assistance",Customer Account Billing Question Requires Detailed Clarification,customer020@example.com
1412,Recurring Crash in Visual Studio Code 1.70 Issue,"Dear Customer Support,

I am writing to bring to your attention a recurring issue I am facing with Visual Studio Code version 1.70. Recently, I have encountered persistent crashes whenever I attempt to open files with specific extensions. These crashes significantly disrupt my workflow and delay critical projects.

The problem appears to occur regardless of the file size or the specific tasks performed within Visual Studio Code. I have attempted several common troubleshooting steps, such as disabling extensions, clearing the application cache, and even reinstalling Visual Studio Code. Unfortunately, these efforts have not resolved the issue.

Given the impact this has had on my productivity, I urge you to investigate this matter and provide a suitable resolution. Please let me know if there are additional logs or diagnostics that I can furnish to assist in addressing this problem. I am hoping for a swift resolution to continue using your otherwise excellent software without hindrance.

Thank you for your attention to this matter.

Best regards,

<name>","Dear <name>,

Thank you for reaching out and informing us about the issue with Visual Studio Code 1.70. We understand the inconvenience this has caused, and we're here to help.

To assist us in identifying the problem, please ensure that Visual Studio Code is updated to the latest version. If the issue persists, we recommend gathering and sending us the crash logs and diagnostic reports, which can be found in the Help menu under ""Toggle Developer Tools."" These logs will help us analyze the situation further.

In the meantime, it's also beneficial to check if there are updates for your operating system or graphics drivers, as these can sometimes affect application performance.

We appreciate your patience and cooperation in resolving this issue swiftly. Feel free to contact us with the requested details as soon as possible.

Best regards,

[Your Name]
Customer Support Team",Incident,Product Support,medium,Software Development Company,"Software Bug, Technical Support, Problem Resolution, Urgent Issue, Performance Tuning",Repeated Crashes Disrupt Normal Use,customer021@example.com
1413,Urgent: Jira Software 8.20 Outage,"Dear Customer Support Team, 

I am writing to report a critical issue we are experiencing with the Jira Software, version 8.20, used for managing our project tasks and tracking. The system is down, impacting our team's ability to view and update project statuses across multiple departments. This outage is causing significant disruptions in our workflow, hindering communication and collaboration among team members.

We urge you to look into this issue immediately and provide a timeline for when the system will be operational again. Our projects heavily depend on Jira for task assignment and progress tracking, making this an urgent matter.

Thank you for your prompt attention to this pressing issue.

Best regards,

<name>

<tel_num> 

<acc_num>","Dear <name>,

Thank you for bringing this urgent issue to our attention. We apologize for the inconvenience caused by the Jira Software 8.20 outage. Our team is currently investigating the problem to restore full functionality as quickly as possible. We understand the importance of resolving this to prevent further disruptions in your workflow. We will keep you updated with progress and provide a timeline for when the system will be operational as soon as possible. If you have any further questions, please reach out at any time.

Best regards,

Customer Support Team",Problem,Technical Support,high,Software Development Company,"Service Outage, Urgent Issue, Incident Report, Service Disruption, Technical Support",Service Outage Disrupting Normal Business Operations,customer022@example.com
1414,Network Slow Connectivity Issue Reported with Cisco Router ISR4331 Device,"Hello,

I am writing to report an issue with network connectivity that seems to be affecting our internet speed. Several users have experienced slow connectivity, and after some initial troubleshooting, it appears that the problem might be related to the configuration of our Cisco Router model ISR4331. We suspect that a misconfiguration or hardware fault in this router is limiting network performance. Please advise on the necessary steps to resolve this matter, or if further details are needed for diagnosing the potential configuration issue. Thank you for your prompt assistance.

Best regards,
<name>","Hello <name>,

Thank you for reaching out regarding the network issue with your Cisco Router ISR4331. Please start by checking the configuration settings for any misconfigurations and ensure the firmware is up to date. You might also want to reboot the router to reset connections. If the issue persists, inspecting logs for any errors could help. We recommend contacting your network administrator or a Cisco certified technician for specialized assistance. Let us know if you need further help.

Best regards,
Service Desk Team",Incident,Technical Support,medium,IT Services,"Network Issue, Technical Support, Performance Tuning, Problem Resolution, Hardware Failure",Unstable Network Connection Disrupting Business Operations,customer023@example.com
1415,Issue with Wireless Printing Setup,"Dear Customer Support,

I am experiencing an issue with my HP DeskJet 3755. The wireless setup works, but color printing isn't functioning correctly. Kindly assist in resolving this problem.

Thank you,
<name>

Contact Number: <tel_num>","Dear <name>, please check if the color ink cartridges are installed correctly and have sufficient ink. Try running a printhead cleaning via your printer's software. If the issue persists, contact HP support for detailed troubleshooting.",Incident,Product Support,medium,Online Store,"Technical Support, Product Support, Hardware Failure, Problem Resolution, Service Recovery",Technical Support Request Needs Resolution,customer024@example.com
1416,Inquiry on MacBook Air M1 Details,"Dear Customer Support Team,

I hope this message finds you well. I have recently acquired a MacBook Air M1 from Tech Online Store, and I am seeking detailed information on its usage and some initial troubleshooting steps. Although the device functions well overall, I am a newcomer to the Mac ecosystem, and it would be beneficial to have a more comprehensive understanding of navigating and optimizing its features efficiently.

Specifically, I would appreciate guidance on managing system settings, employing energy-saving modes efficiently, and backing up data securely. Additionally, any pointers on software installations and common troubleshooting methods for minor issues would be immensely helpful. My MacBook Air's serial number is <acc_num>.

Understanding these aspects will enhance my experience and make the most of the investment. If available, please direct me to any online resources, guides, or tutorials that may complement the information provided. Should you require more details from me, feel free to contact me at the earliest convenience.

Thank you for your assistance.

Best regards,

<name>","Dear <name>,

Thank you for reaching out. To help you navigate and optimize your MacBook Air M1, Apple’s official website offers user guides and tutorials which can be found at support.apple.com. For managing system settings, go to System Preferences and explore each category. For energy-saving modes, you can adjust settings in the Battery preferences to extend battery life. To back up data securely, use Apple's Time Machine feature, available under System Preferences. 

For software installations, use the App Store for a safe and easy process. If you encounter minor issues, resetting SMC or PRAM can often help. Apple's online support community and forums are also valuable resources for troubleshooting.

Please replace the serial number mentioned for privacy concerns. If there's anything else you need, feel free to contact us.

Best regards,
Customer Support Team",Request,Customer Service,low,Online Store,"Product Support, Technical Guidance, General Inquiry, Hardware Failure, Software Bug, Problem Resolution",Macbook Installation Failure Requires Technical Support,customer025@example.com
1417,Request for changes in Jira user permissions setup,"Dear Customer Support Team,

I hope this message finds you well. I am writing to request assistance in modifying the user permissions setup within our Jira project management software, specifically version 8.20. My name is <name>, and I am the project manager at <company_name>, overseeing the project installations and configurations for our team.

Currently, we are encountering a few challenges with the permissions in our Jira setup. We have recently expanded our team and brought in a few new members whose roles do not seem to align perfectly with our existing permissions configuration. This has led to some difficulties in terms of task allocations and access rights, hindering our workflow efficiency.

We would appreciate it if you could provide guidance on how to adjust these permissions to better fit our current team structure. In particular, it would be beneficial if new hires' roles could be set up with a more appropriate permission level concerning EEF access and task management. I believe a reassessment of our current permission schemes could help streamline our processes and prevent further access issues.

Could you please advise us on the steps necessary to adjust these settings appropriately, or if there is a preferred onboarding procedure for aligning permission settings with role updates? Additionally, if there are templates or documentation available to assist us, we would be most grateful to receive those.

Thank you very much for your attention to this matter, and I look forward to your prompt response at your earliest convenience.

Warm regards,

<name>
<company_name>
<tel_num>
<acc_num>","Dear <name>,

Thank you for reaching out to us regarding the modification of user permissions in your Jira setup. I understand the importance of having the correct permissions aligned with your new team structure, especially for efficient task management and EEF access.

To adjust the permissions for your new team members, I recommend the following steps:

1. **Review Current Permission Schemes:** Navigate to Jira settings and review the existing permission schemes. Identify where new roles may need adjustments.
   
2. **Customize Permissions:** For each new role, update the permission configurations under the ""Project Settings"" to ensure access rights align with the responsibilities of your team members, including task allocations.

3. **Utilize Documentation:** Jira offers extensive documentation and templates related to permission management. These can be accessed from the Jira Support portal.

4. **Onboarding Process:** For onboarding new hires, consider setting up a template for role-specific permissions to streamline the process in the future.

If further assistance is needed, consider reaching out to a certified Jira administrator in your organization or through our support portal for more tailored support.

Please let us know if there's anything else we can assist you with, and don't hesitate to contact us again.

Warm regards,

Customer Support Team",Change,Technical Support,medium,Software Development Company,"Technical Support, Product Support, Account Assistance, Employee Onboarding, Documentation Request, Problem Resolution, Service Notification",Technical Support Request Needs Resolution,customer026@example.com
1418,Issue with HP DeskJet 3755 Printer,"Dear Customer Support,

I hope this message finds you well. I am reaching out to report an issue with my recent purchase from your store, the HP DeskJet 3755 wireless all-in-one printer. Since I started using it, the printer has been frequently jamming paper during the return processing, causing a significant disruption to my printing tasks.

I have followed all the troubleshooting steps provided in the manual, such as checking for any obstructions and ensuring that the paper is properly aligned, but unfortunately, the problem persists. This issue is concerning, considering the printer is brand new and within the warranty period.

Could you please advise on the necessary steps to resolve this malfunction? I am hoping for either a replacement or a repair solution at your earliest convenience. My account number is <acc_num>. I am eager to resolve this matter swiftly and continue utilizing the excellent services that your store is known for.

Thank you for your attention to this matter and I look forward to your prompt response.

Best regards,
<name>","Dear <name>,

Thank you for contacting us regarding your HP DeskJet 3755 printer issue. We apologize for the inconvenience this has caused.

Since troubleshooting hasn't resolved the problem, we recommend having the printer assessed by our technical team. Please bring the printer to our service center or, if preferable, provide a mailing address, and we'll arrange for a pickup. Since it is within the warranty period, you may qualify for a free repair or replacement.

Our support team will reach out to you soon for further assistance. Please have your account number <acc_num> ready for verification purposes.

We appreciate your patience and are committed to resolving this matter quickly.

Best regards,
Customer Support Team",Incident,Returns and Exchanges,high,Online Store,"Product Support, Hardware Failure, Warranty Claim, Technical Support, Service Recovery, Returns and Exchanges",Printer Connection or Printing Failure Requires Support,customer027@example.com
1419,,"Dear Tech Online Store Support Team, 

I am writing to seek assistance with a persistent issue I am facing with Adobe Photoshop 2024 purchased from your store, order number <order_num>. The software currently experiences significant delays during loading, impacting my workflow negatively. Upon launching the application, it stalls at the initialization screen for several minutes, which is quite concerning and not what I expect from a newly released software version.

I have ensured my system meets all the software requirements, and I have installed all available updates both for Adobe Photoshop and my operating system, yet the problem persists. I have also tried reinstalling the software, clearing cache files, and checking for conflicting applications, following the usual troubleshooting steps provided online. Unfortunately, these actions have not resolved the issue.

Could you provide any guidance or additional troubleshooting steps that may help me resolve this situation? Any insights or solutions your team could offer would be greatly appreciated. Additionally, I would appreciate a confirmation on the software's compatibility with recent updates which might be contributing to this problem.

Thank you for your time and assistance.

Best regards, 
<name>","Dear <name>,

Thank you for reaching out to us regarding the issue with Adobe Photoshop 2024. We're sorry for the inconvenience this has caused. Please try the following additional steps: 

1. Check if your graphics card driver is up to date or if an earlier version is more stable with the software.
2. Disable third-party plugins to see if they are causing conflicts, then re-enable them one by one.
3. Adjust the performance preferences in Photoshop, particularly the allocated RAM and GPU settings, to optimize resource usage.
4. Use the Adobe Creative Cloud Cleaner Tool to remove previous installations that might have left over conflicting files.

Regarding compatibility, we recommend checking Adobe’s website for any recent advisories on updates, as they might affect performance. 

If these steps don’t resolve the issue, please provide us with additional details about your system specifications, and we can assist you further. Let us know how it goes!

Best regards, 
Tech Online Store Support Team",Request,Product Support,low,Online Store,"Technical Support, Software Bug, Problem Resolution, Technical Guidance, Product Support",Customer Order Installation Failure Requires Technical Support,customer028@example.com